{"pose_0": {"marker_0": {"point": [-0.096687938113091842, -0.85200959281629018, -0.72982322463216409], "yaxis": [-0.80552468799089871, 0.59252458922625773, -0.0066774395856689268], "xaxis": [-0.010470686653271388, -0.0029658725858991986, 0.99994078240704498]}}}